﻿;Taxon;Reads;Detections in P4
0; Columba livia;2474;1
1;Callicebus nigrifrons;1231;1
2;Pitheciidae;718;1
3;Nycticorax nycticorax;421;1
4;Lycalopex vettulus;393;1
5;Canidae;334;1
6;Canis lupus familiaris;308;1
7;Pecari tajacu;261;1
8;Hydrochaeris hydrochaeris;172;1
9;Turdus rufiventris;141;1
10;Gallus gallus;135;1
11;Didelphis sp.;119;1
12;Columba livia;108;1
13;Coendou insidiosus;50;1
14;Coryphospingus cucullatus;49;1
15;Procyon cancrivorus;48;1
16;Puma concolor;24;1
17;Alouatta guariba;16;1
18;Trinomys sp.;8;1
