;Taxon;Reads;Detections in P6
0;Tapirus terrestris;4195;1
1;Canis lupus familiaris;1269;1
2;Pitheciidae;736;1
3;Coendou insidiosus;451;1
4;Callicebus nigrifrons;313;1
5;Bos taurus;212;1
6;Lycalopex vettulus;202;1
7;Rattus rattus;177;1
8;Puma concolor;164;1
9;Callithrix penicillata;118;1
10;Columba livia;113;1
11;Gallus gallus;98;1
12;Sus scrofa ;94;1
13;Cingulata;88;1
14;Pecari tajacu;65;1
15;Thraupis sayaca;65;1
16;Callithrix sp.;63;1
17;Euphractus sexcinctus;48;1
18;Cairina moschata;39;1
19;Hydrochaeris hydrochaeris;38;1
20;Canidae;36;1
21;Dasypus novemcinctus;32;1
22;Chrysocyon brachyurus;19;1
23;Nymphicus hollandicus;18;1
