;Taxon;Reads;Detections in P6
0;Tapirus terrestris;4195;1
1;Plecturocebus moloch;736;1
2;Canis lupus familiaris;728;1
3;Canis aureus;471;1
4;Sphiggurus insidiosus;461;1
5;Callicebus cupreus;268;1
6;Bos taurus;212;1
7;Pseudalopex culpaeus;202;1
8;Puma concolor;164;1
9;Callithrix penicillata;118;1
10; Columba livia;113;1
11;Gallus gallus;98;1
12;Sus scrofa;94;1
13;Rattus rattus;91;1
14;Priodontes maximus;88;1
15;Rattus tanezumi;86;1
16;Pecari tajacu;74;1
17;Thraupis sayaca;65;1
18;Callicebus donacophilus;45;1
19;Callithrix kuhlii;42;1
20;Canis familiaris;42;1
21;Cairina moschata;39;1
22;Hydrochaeris hydrochaeris;38;1
23;Speothos venaticus;36;1
24;Dasypus sabanicola;32;1
25;Canis lupus;28;1
26;Zaedyus pichiy;24;1
27;Euphractus sexcinctus;24;1
28;Callithrix emiliae;21;1
29;Chrysocyon brachyurus;19;1
30;Nymphicus hollandicus;18;1
31;Columba livia;10;1
